"Schaefer2018_1000Parcels_7Networks_order_FSLMNI152_1mm","Schaefer7_1000"
"region","label"
1,"7Networks_LH_Vis_1"
2,"7Networks_LH_Vis_2"
3,"7Networks_LH_Vis_3"
4,"7Networks_LH_Vis_4"
5,"7Networks_LH_Vis_5"
6,"7Networks_LH_Vis_6"
7,"7Networks_LH_Vis_7"
8,"7Networks_LH_Vis_8"
9,"7Networks_LH_Vis_9"
10,"7Networks_LH_Vis_10"
11,"7Networks_LH_Vis_11"
12,"7Networks_LH_Vis_12"
13,"7Networks_LH_Vis_13"
14,"7Networks_LH_Vis_14"
15,"7Networks_LH_Vis_15"
16,"7Networks_LH_Vis_16"
17,"7Networks_LH_Vis_17"
18,"7Networks_LH_Vis_18"
19,"7Networks_LH_Vis_19"
20,"7Networks_LH_Vis_20"
21,"7Networks_LH_Vis_21"
22,"7Networks_LH_Vis_22"
23,"7Networks_LH_Vis_23"
24,"7Networks_LH_Vis_24"
25,"7Networks_LH_Vis_25"
26,"7Networks_LH_Vis_26"
27,"7Networks_LH_Vis_27"
28,"7Networks_LH_Vis_28"
29,"7Networks_LH_Vis_29"
30,"7Networks_LH_Vis_30"
31,"7Networks_LH_Vis_31"
32,"7Networks_LH_Vis_32"
33,"7Networks_LH_Vis_33"
34,"7Networks_LH_Vis_34"
35,"7Networks_LH_Vis_35"
36,"7Networks_LH_Vis_36"
37,"7Networks_LH_Vis_37"
38,"7Networks_LH_Vis_38"
39,"7Networks_LH_Vis_39"
40,"7Networks_LH_Vis_40"
41,"7Networks_LH_Vis_41"
42,"7Networks_LH_Vis_42"
43,"7Networks_LH_Vis_43"
44,"7Networks_LH_Vis_44"
45,"7Networks_LH_Vis_45"
46,"7Networks_LH_Vis_46"
47,"7Networks_LH_Vis_47"
48,"7Networks_LH_Vis_48"
49,"7Networks_LH_Vis_49"
50,"7Networks_LH_Vis_50"
51,"7Networks_LH_Vis_51"
52,"7Networks_LH_Vis_52"
53,"7Networks_LH_Vis_53"
54,"7Networks_LH_Vis_54"
55,"7Networks_LH_Vis_55"
56,"7Networks_LH_Vis_56"
57,"7Networks_LH_Vis_57"
58,"7Networks_LH_Vis_58"
59,"7Networks_LH_Vis_59"
60,"7Networks_LH_Vis_60"
61,"7Networks_LH_Vis_61"
62,"7Networks_LH_Vis_62"
63,"7Networks_LH_Vis_63"
64,"7Networks_LH_Vis_64"
65,"7Networks_LH_Vis_65"
66,"7Networks_LH_Vis_66"
67,"7Networks_LH_Vis_67"
68,"7Networks_LH_Vis_68"
69,"7Networks_LH_Vis_69"
70,"7Networks_LH_Vis_70"
71,"7Networks_LH_Vis_71"
72,"7Networks_LH_Vis_72"
73,"7Networks_LH_Vis_73"
74,"7Networks_LH_Vis_74"
75,"7Networks_LH_Vis_75"
76,"7Networks_LH_Vis_76"
77,"7Networks_LH_Vis_77"
78,"7Networks_LH_Vis_78"
79,"7Networks_LH_Vis_79"
80,"7Networks_LH_Vis_80"
81,"7Networks_LH_Vis_81"
82,"7Networks_LH_SomMot_1"
83,"7Networks_LH_SomMot_2"
84,"7Networks_LH_SomMot_3"
85,"7Networks_LH_SomMot_4"
86,"7Networks_LH_SomMot_5"
87,"7Networks_LH_SomMot_6"
88,"7Networks_LH_SomMot_7"
89,"7Networks_LH_SomMot_8"
90,"7Networks_LH_SomMot_9"
91,"7Networks_LH_SomMot_10"
92,"7Networks_LH_SomMot_11"
93,"7Networks_LH_SomMot_12"
94,"7Networks_LH_SomMot_13"
95,"7Networks_LH_SomMot_14"
96,"7Networks_LH_SomMot_15"
97,"7Networks_LH_SomMot_16"
98,"7Networks_LH_SomMot_17"
99,"7Networks_LH_SomMot_18"
100,"7Networks_LH_SomMot_19"
101,"7Networks_LH_SomMot_20"
102,"7Networks_LH_SomMot_21"
103,"7Networks_LH_SomMot_22"
104,"7Networks_LH_SomMot_23"
105,"7Networks_LH_SomMot_24"
106,"7Networks_LH_SomMot_25"
107,"7Networks_LH_SomMot_26"
108,"7Networks_LH_SomMot_27"
109,"7Networks_LH_SomMot_28"
110,"7Networks_LH_SomMot_29"
111,"7Networks_LH_SomMot_30"
112,"7Networks_LH_SomMot_31"
113,"7Networks_LH_SomMot_32"
114,"7Networks_LH_SomMot_33"
115,"7Networks_LH_SomMot_34"
116,"7Networks_LH_SomMot_35"
117,"7Networks_LH_SomMot_36"
118,"7Networks_LH_SomMot_37"
119,"7Networks_LH_SomMot_38"
120,"7Networks_LH_SomMot_39"
121,"7Networks_LH_SomMot_40"
122,"7Networks_LH_SomMot_41"
123,"7Networks_LH_SomMot_42"
124,"7Networks_LH_SomMot_43"
125,"7Networks_LH_SomMot_44"
126,"7Networks_LH_SomMot_45"
127,"7Networks_LH_SomMot_46"
128,"7Networks_LH_SomMot_47"
129,"7Networks_LH_SomMot_48"
130,"7Networks_LH_SomMot_49"
131,"7Networks_LH_SomMot_50"
132,"7Networks_LH_SomMot_51"
133,"7Networks_LH_SomMot_52"
134,"7Networks_LH_SomMot_53"
135,"7Networks_LH_SomMot_54"
136,"7Networks_LH_SomMot_55"
137,"7Networks_LH_SomMot_56"
138,"7Networks_LH_SomMot_57"
139,"7Networks_LH_SomMot_58"
140,"7Networks_LH_SomMot_59"
141,"7Networks_LH_SomMot_60"
142,"7Networks_LH_SomMot_61"
143,"7Networks_LH_SomMot_62"
144,"7Networks_LH_SomMot_63"
145,"7Networks_LH_SomMot_64"
146,"7Networks_LH_SomMot_65"
147,"7Networks_LH_SomMot_66"
148,"7Networks_LH_SomMot_67"
149,"7Networks_LH_SomMot_68"
150,"7Networks_LH_SomMot_69"
151,"7Networks_LH_SomMot_70"
152,"7Networks_LH_SomMot_71"
153,"7Networks_LH_SomMot_72"
154,"7Networks_LH_SomMot_73"
155,"7Networks_LH_SomMot_74"
156,"7Networks_LH_SomMot_75"
157,"7Networks_LH_SomMot_76"
158,"7Networks_LH_SomMot_77"
159,"7Networks_LH_SomMot_78"
160,"7Networks_LH_SomMot_79"
161,"7Networks_LH_SomMot_80"
162,"7Networks_LH_SomMot_81"
163,"7Networks_LH_SomMot_82"
164,"7Networks_LH_SomMot_83"
165,"7Networks_LH_SomMot_84"
166,"7Networks_LH_SomMot_85"
167,"7Networks_LH_SomMot_86"
168,"7Networks_LH_SomMot_87"
169,"7Networks_LH_SomMot_88"
170,"7Networks_LH_SomMot_89"
171,"7Networks_LH_SomMot_90"
172,"7Networks_LH_SomMot_91"
173,"7Networks_LH_DorsAttn_Post_1"
174,"7Networks_LH_DorsAttn_Post_2"
175,"7Networks_LH_DorsAttn_Post_3"
176,"7Networks_LH_DorsAttn_Post_4"
177,"7Networks_LH_DorsAttn_Post_5"
178,"7Networks_LH_DorsAttn_Post_6"
179,"7Networks_LH_DorsAttn_Post_7"
180,"7Networks_LH_DorsAttn_Post_8"
181,"7Networks_LH_DorsAttn_Post_9"
182,"7Networks_LH_DorsAttn_Post_10"
183,"7Networks_LH_DorsAttn_Post_11"
184,"7Networks_LH_DorsAttn_Post_12"
185,"7Networks_LH_DorsAttn_Post_13"
186,"7Networks_LH_DorsAttn_Post_14"
187,"7Networks_LH_DorsAttn_Post_15"
188,"7Networks_LH_DorsAttn_Post_16"
189,"7Networks_LH_DorsAttn_Post_17"
190,"7Networks_LH_DorsAttn_Post_18"
191,"7Networks_LH_DorsAttn_Post_19"
192,"7Networks_LH_DorsAttn_Post_20"
193,"7Networks_LH_DorsAttn_Post_21"
194,"7Networks_LH_DorsAttn_Post_22"
195,"7Networks_LH_DorsAttn_Post_23"
196,"7Networks_LH_DorsAttn_Post_24"
197,"7Networks_LH_DorsAttn_Post_25"
198,"7Networks_LH_DorsAttn_Post_26"
199,"7Networks_LH_DorsAttn_Post_27"
200,"7Networks_LH_DorsAttn_Post_28"
201,"7Networks_LH_DorsAttn_Post_29"
202,"7Networks_LH_DorsAttn_Post_30"
203,"7Networks_LH_DorsAttn_Post_31"
204,"7Networks_LH_DorsAttn_Post_32"
205,"7Networks_LH_DorsAttn_Post_33"
206,"7Networks_LH_DorsAttn_Post_34"
207,"7Networks_LH_DorsAttn_Post_35"
208,"7Networks_LH_DorsAttn_Post_36"
209,"7Networks_LH_DorsAttn_Post_37"
210,"7Networks_LH_DorsAttn_Post_38"
211,"7Networks_LH_DorsAttn_Post_39"
212,"7Networks_LH_DorsAttn_Post_40"
213,"7Networks_LH_DorsAttn_Post_41"
214,"7Networks_LH_DorsAttn_Post_42"
215,"7Networks_LH_DorsAttn_Post_43"
216,"7Networks_LH_DorsAttn_Post_44"
217,"7Networks_LH_DorsAttn_Post_45"
218,"7Networks_LH_DorsAttn_Post_46"
219,"7Networks_LH_DorsAttn_Post_47"
220,"7Networks_LH_DorsAttn_Post_48"
221,"7Networks_LH_DorsAttn_Post_49"
222,"7Networks_LH_DorsAttn_Post_50"
223,"7Networks_LH_DorsAttn_FEF_1"
224,"7Networks_LH_DorsAttn_FEF_2"
225,"7Networks_LH_DorsAttn_FEF_3"
226,"7Networks_LH_DorsAttn_FEF_4"
227,"7Networks_LH_DorsAttn_FEF_5"
228,"7Networks_LH_DorsAttn_FEF_6"
229,"7Networks_LH_DorsAttn_FEF_7"
230,"7Networks_LH_DorsAttn_PrCv_1"
231,"7Networks_LH_DorsAttn_PrCv_2"
232,"7Networks_LH_DorsAttn_PrCv_3"
233,"7Networks_LH_DorsAttn_PrCv_4"
234,"7Networks_LH_SalVentAttn_ParOper_1"
235,"7Networks_LH_SalVentAttn_ParOper_2"
236,"7Networks_LH_SalVentAttn_ParOper_3"
237,"7Networks_LH_SalVentAttn_ParOper_4"
238,"7Networks_LH_SalVentAttn_ParOper_5"
239,"7Networks_LH_SalVentAttn_ParOper_6"
240,"7Networks_LH_SalVentAttn_ParOper_7"
241,"7Networks_LH_SalVentAttn_ParOper_8"
242,"7Networks_LH_SalVentAttn_ParOper_9"
243,"7Networks_LH_SalVentAttn_TempOcc_1"
244,"7Networks_LH_SalVentAttn_TempOcc_2"
245,"7Networks_LH_SalVentAttn_FrOperIns_1"
246,"7Networks_LH_SalVentAttn_FrOperIns_2"
247,"7Networks_LH_SalVentAttn_FrOperIns_3"
248,"7Networks_LH_SalVentAttn_FrOperIns_4"
249,"7Networks_LH_SalVentAttn_FrOperIns_5"
250,"7Networks_LH_SalVentAttn_FrOperIns_6"
251,"7Networks_LH_SalVentAttn_FrOperIns_7"
252,"7Networks_LH_SalVentAttn_FrOperIns_8"
253,"7Networks_LH_SalVentAttn_FrOperIns_9"
254,"7Networks_LH_SalVentAttn_FrOperIns_10"
255,"7Networks_LH_SalVentAttn_FrOperIns_11"
256,"7Networks_LH_SalVentAttn_FrOperIns_12"
257,"7Networks_LH_SalVentAttn_FrOperIns_13"
258,"7Networks_LH_SalVentAttn_FrOperIns_14"
259,"7Networks_LH_SalVentAttn_FrOperIns_15"
260,"7Networks_LH_SalVentAttn_FrOperIns_16"
261,"7Networks_LH_SalVentAttn_FrOperIns_17"
262,"7Networks_LH_SalVentAttn_FrOperIns_18"
263,"7Networks_LH_SalVentAttn_FrOperIns_19"
264,"7Networks_LH_SalVentAttn_FrOperIns_20"
265,"7Networks_LH_SalVentAttn_FrOperIns_21"
266,"7Networks_LH_SalVentAttn_FrOperIns_22"
267,"7Networks_LH_SalVentAttn_FrOperIns_23"
268,"7Networks_LH_SalVentAttn_PFCl_1"
269,"7Networks_LH_SalVentAttn_PFCl_2"
270,"7Networks_LH_SalVentAttn_Med_1"
271,"7Networks_LH_SalVentAttn_Med_2"
272,"7Networks_LH_SalVentAttn_Med_3"
273,"7Networks_LH_SalVentAttn_Med_4"
274,"7Networks_LH_SalVentAttn_Med_5"
275,"7Networks_LH_SalVentAttn_Med_6"
276,"7Networks_LH_SalVentAttn_Med_7"
277,"7Networks_LH_SalVentAttn_Med_8"
278,"7Networks_LH_SalVentAttn_Med_9"
279,"7Networks_LH_SalVentAttn_Med_10"
280,"7Networks_LH_SalVentAttn_Med_11"
281,"7Networks_LH_SalVentAttn_Med_12"
282,"7Networks_LH_SalVentAttn_Med_13"
283,"7Networks_LH_SalVentAttn_Med_14"
284,"7Networks_LH_SalVentAttn_Med_15"
285,"7Networks_LH_SalVentAttn_Med_16"
286,"7Networks_LH_SalVentAttn_Med_17"
287,"7Networks_LH_SalVentAttn_Med_18"
288,"7Networks_LH_SalVentAttn_Med_19"
289,"7Networks_LH_Limbic_OFC_1"
290,"7Networks_LH_Limbic_OFC_2"
291,"7Networks_LH_Limbic_OFC_3"
292,"7Networks_LH_Limbic_OFC_4"
293,"7Networks_LH_Limbic_OFC_5"
294,"7Networks_LH_Limbic_OFC_6"
295,"7Networks_LH_Limbic_OFC_7"
296,"7Networks_LH_Limbic_OFC_8"
297,"7Networks_LH_Limbic_OFC_9"
298,"7Networks_LH_Limbic_OFC_10"
299,"7Networks_LH_Limbic_OFC_11"
300,"7Networks_LH_Limbic_OFC_12"
301,"7Networks_LH_Limbic_OFC_13"
302,"7Networks_LH_Limbic_OFC_14"
303,"7Networks_LH_Limbic_TempPole_1"
304,"7Networks_LH_Limbic_TempPole_2"
305,"7Networks_LH_Limbic_TempPole_3"
306,"7Networks_LH_Limbic_TempPole_4"
307,"7Networks_LH_Limbic_TempPole_5"
308,"7Networks_LH_Limbic_TempPole_6"
309,"7Networks_LH_Limbic_TempPole_7"
310,"7Networks_LH_Limbic_TempPole_8"
311,"7Networks_LH_Limbic_TempPole_9"
312,"7Networks_LH_Limbic_TempPole_10"
313,"7Networks_LH_Limbic_TempPole_11"
314,"7Networks_LH_Limbic_TempPole_12"
315,"7Networks_LH_Limbic_TempPole_13"
316,"7Networks_LH_Limbic_TempPole_14"
317,"7Networks_LH_Limbic_TempPole_15"
318,"7Networks_LH_Cont_Par_1"
319,"7Networks_LH_Cont_Par_2"
320,"7Networks_LH_Cont_Par_3"
321,"7Networks_LH_Cont_Par_4"
322,"7Networks_LH_Cont_Par_5"
323,"7Networks_LH_Cont_Par_6"
324,"7Networks_LH_Cont_Par_7"
325,"7Networks_LH_Cont_Par_8"
326,"7Networks_LH_Cont_Par_9"
327,"7Networks_LH_Cont_Par_10"
328,"7Networks_LH_Cont_Par_11"
329,"7Networks_LH_Cont_Par_12"
330,"7Networks_LH_Cont_Par_13"
331,"7Networks_LH_Cont_Par_14"
332,"7Networks_LH_Cont_Par_15"
333,"7Networks_LH_Cont_Temp_1"
334,"7Networks_LH_Cont_Temp_2"
335,"7Networks_LH_Cont_Temp_3"
336,"7Networks_LH_Cont_Temp_4"
337,"7Networks_LH_Cont_PFCd_1"
338,"7Networks_LH_Cont_PFCl_1"
339,"7Networks_LH_Cont_PFCl_2"
340,"7Networks_LH_Cont_PFCl_3"
341,"7Networks_LH_Cont_PFCl_4"
342,"7Networks_LH_Cont_PFCl_5"
343,"7Networks_LH_Cont_PFCl_6"
344,"7Networks_LH_Cont_PFCl_7"
345,"7Networks_LH_Cont_PFCl_8"
346,"7Networks_LH_Cont_PFCl_9"
347,"7Networks_LH_Cont_PFCl_10"
348,"7Networks_LH_Cont_PFCl_11"
349,"7Networks_LH_Cont_PFCl_12"
350,"7Networks_LH_Cont_PFCl_13"
351,"7Networks_LH_Cont_PFCl_14"
352,"7Networks_LH_Cont_PFCl_15"
353,"7Networks_LH_Cont_PFCl_16"
354,"7Networks_LH_Cont_PFCl_17"
355,"7Networks_LH_Cont_PFCl_18"
356,"7Networks_LH_Cont_PFCl_19"
357,"7Networks_LH_Cont_PFCl_20"
358,"7Networks_LH_Cont_OFC_1"
359,"7Networks_LH_Cont_PFCv_1"
360,"7Networks_LH_Cont_PFCv_2"
361,"7Networks_LH_Cont_pCun_1"
362,"7Networks_LH_Cont_pCun_2"
363,"7Networks_LH_Cont_pCun_3"
364,"7Networks_LH_Cont_pCun_4"
365,"7Networks_LH_Cont_Cing_1"
366,"7Networks_LH_Cont_Cing_2"
367,"7Networks_LH_Cont_Cing_3"
368,"7Networks_LH_Cont_Cing_4"
369,"7Networks_LH_Cont_Cing_5"
370,"7Networks_LH_Cont_Cing_6"
371,"7Networks_LH_Cont_Cing_7"
372,"7Networks_LH_Cont_Cing_8"
373,"7Networks_LH_Cont_PFCmp_1"
374,"7Networks_LH_Cont_PFCmp_2"
375,"7Networks_LH_Default_Par_1"
376,"7Networks_LH_Default_Par_2"
377,"7Networks_LH_Default_Par_3"
378,"7Networks_LH_Default_Par_4"
379,"7Networks_LH_Default_Par_5"
380,"7Networks_LH_Default_Par_6"
381,"7Networks_LH_Default_Par_7"
382,"7Networks_LH_Default_Par_8"
383,"7Networks_LH_Default_Par_9"
384,"7Networks_LH_Default_Par_10"
385,"7Networks_LH_Default_Par_11"
386,"7Networks_LH_Default_Par_12"
387,"7Networks_LH_Default_Par_13"
388,"7Networks_LH_Default_Par_14"
389,"7Networks_LH_Default_Par_15"
390,"7Networks_LH_Default_Par_16"
391,"7Networks_LH_Default_Par_17"
392,"7Networks_LH_Default_Par_18"
393,"7Networks_LH_Default_Par_19"
394,"7Networks_LH_Default_Temp_1"
395,"7Networks_LH_Default_Temp_2"
396,"7Networks_LH_Default_Temp_3"
397,"7Networks_LH_Default_Temp_4"
398,"7Networks_LH_Default_Temp_5"
399,"7Networks_LH_Default_Temp_6"
400,"7Networks_LH_Default_Temp_7"
401,"7Networks_LH_Default_Temp_8"
402,"7Networks_LH_Default_Temp_9"
403,"7Networks_LH_Default_Temp_10"
404,"7Networks_LH_Default_Temp_11"
405,"7Networks_LH_Default_Temp_12"
406,"7Networks_LH_Default_Temp_13"
407,"7Networks_LH_Default_Temp_14"
408,"7Networks_LH_Default_Temp_15"
409,"7Networks_LH_Default_Temp_16"
410,"7Networks_LH_Default_Temp_17"
411,"7Networks_LH_Default_Temp_18"
412,"7Networks_LH_Default_Temp_19"
413,"7Networks_LH_Default_Temp_20"
414,"7Networks_LH_Default_Temp_21"
415,"7Networks_LH_Default_Temp_22"
416,"7Networks_LH_Default_PFC_1"
417,"7Networks_LH_Default_PFC_2"
418,"7Networks_LH_Default_PFC_3"
419,"7Networks_LH_Default_PFC_4"
420,"7Networks_LH_Default_PFC_5"
421,"7Networks_LH_Default_PFC_6"
422,"7Networks_LH_Default_PFC_7"
423,"7Networks_LH_Default_PFC_8"
424,"7Networks_LH_Default_PFC_9"
425,"7Networks_LH_Default_PFC_10"
426,"7Networks_LH_Default_PFC_11"
427,"7Networks_LH_Default_PFC_12"
428,"7Networks_LH_Default_PFC_13"
429,"7Networks_LH_Default_PFC_14"
430,"7Networks_LH_Default_PFC_15"
431,"7Networks_LH_Default_PFC_16"
432,"7Networks_LH_Default_PFC_17"
433,"7Networks_LH_Default_PFC_18"
434,"7Networks_LH_Default_PFC_19"
435,"7Networks_LH_Default_PFC_20"
436,"7Networks_LH_Default_PFC_21"
437,"7Networks_LH_Default_PFC_22"
438,"7Networks_LH_Default_PFC_23"
439,"7Networks_LH_Default_PFC_24"
440,"7Networks_LH_Default_PFC_25"
441,"7Networks_LH_Default_PFC_26"
442,"7Networks_LH_Default_PFC_27"
443,"7Networks_LH_Default_PFC_28"
444,"7Networks_LH_Default_PFC_29"
445,"7Networks_LH_Default_PFC_30"
446,"7Networks_LH_Default_PFC_31"
447,"7Networks_LH_Default_PFC_32"
448,"7Networks_LH_Default_PFC_33"
449,"7Networks_LH_Default_PFC_34"
450,"7Networks_LH_Default_PFC_35"
451,"7Networks_LH_Default_PFC_36"
452,"7Networks_LH_Default_PFC_37"
453,"7Networks_LH_Default_PFC_38"
454,"7Networks_LH_Default_PFC_39"
455,"7Networks_LH_Default_PFC_40"
456,"7Networks_LH_Default_PFC_41"
457,"7Networks_LH_Default_PFC_42"
458,"7Networks_LH_Default_PFC_43"
459,"7Networks_LH_Default_PFC_44"
460,"7Networks_LH_Default_PFC_45"
461,"7Networks_LH_Default_PFC_46"
462,"7Networks_LH_Default_PFC_47"
463,"7Networks_LH_Default_PFC_48"
464,"7Networks_LH_Default_PFC_49"
465,"7Networks_LH_Default_PFC_50"
466,"7Networks_LH_Default_pCunPCC_1"
467,"7Networks_LH_Default_pCunPCC_2"
468,"7Networks_LH_Default_pCunPCC_3"
469,"7Networks_LH_Default_pCunPCC_4"
470,"7Networks_LH_Default_pCunPCC_5"
471,"7Networks_LH_Default_pCunPCC_6"
472,"7Networks_LH_Default_pCunPCC_7"
473,"7Networks_LH_Default_pCunPCC_8"
474,"7Networks_LH_Default_pCunPCC_9"
475,"7Networks_LH_Default_pCunPCC_10"
476,"7Networks_LH_Default_pCunPCC_11"
477,"7Networks_LH_Default_pCunPCC_12"
478,"7Networks_LH_Default_pCunPCC_13"
479,"7Networks_LH_Default_pCunPCC_14"
480,"7Networks_LH_Default_pCunPCC_15"
481,"7Networks_LH_Default_pCunPCC_16"
482,"7Networks_LH_Default_pCunPCC_17"
483,"7Networks_LH_Default_pCunPCC_18"
484,"7Networks_LH_Default_pCunPCC_19"
485,"7Networks_LH_Default_pCunPCC_20"
486,"7Networks_LH_Default_pCunPCC_21"
487,"7Networks_LH_Default_pCunPCC_22"
488,"7Networks_LH_Default_pCunPCC_23"
489,"7Networks_LH_Default_pCunPCC_24"
490,"7Networks_LH_Default_pCunPCC_25"
491,"7Networks_LH_Default_pCunPCC_26"
492,"7Networks_LH_Default_pCunPCC_27"
493,"7Networks_LH_Default_pCunPCC_28"
494,"7Networks_LH_Default_pCunPCC_29"
495,"7Networks_LH_Default_pCunPCC_30"
496,"7Networks_LH_Default_pCunPCC_31"
497,"7Networks_LH_Default_pCunPCC_32"
498,"7Networks_LH_Default_PHC_1"
499,"7Networks_LH_Default_PHC_2"
500,"7Networks_LH_Default_PHC_3"
501,"7Networks_RH_Vis_1"
502,"7Networks_RH_Vis_2"
503,"7Networks_RH_Vis_3"
504,"7Networks_RH_Vis_4"
505,"7Networks_RH_Vis_5"
506,"7Networks_RH_Vis_6"
507,"7Networks_RH_Vis_7"
508,"7Networks_RH_Vis_8"
509,"7Networks_RH_Vis_9"
510,"7Networks_RH_Vis_10"
511,"7Networks_RH_Vis_11"
512,"7Networks_RH_Vis_12"
513,"7Networks_RH_Vis_13"
514,"7Networks_RH_Vis_14"
515,"7Networks_RH_Vis_15"
516,"7Networks_RH_Vis_16"
517,"7Networks_RH_Vis_17"
518,"7Networks_RH_Vis_18"
519,"7Networks_RH_Vis_19"
520,"7Networks_RH_Vis_20"
521,"7Networks_RH_Vis_21"
522,"7Networks_RH_Vis_22"
523,"7Networks_RH_Vis_23"
524,"7Networks_RH_Vis_24"
525,"7Networks_RH_Vis_25"
526,"7Networks_RH_Vis_26"
527,"7Networks_RH_Vis_27"
528,"7Networks_RH_Vis_28"
529,"7Networks_RH_Vis_29"
530,"7Networks_RH_Vis_30"
531,"7Networks_RH_Vis_31"
532,"7Networks_RH_Vis_32"
533,"7Networks_RH_Vis_33"
534,"7Networks_RH_Vis_34"
535,"7Networks_RH_Vis_35"
536,"7Networks_RH_Vis_36"
537,"7Networks_RH_Vis_37"
538,"7Networks_RH_Vis_38"
539,"7Networks_RH_Vis_39"
540,"7Networks_RH_Vis_40"
541,"7Networks_RH_Vis_41"
542,"7Networks_RH_Vis_42"
543,"7Networks_RH_Vis_43"
544,"7Networks_RH_Vis_44"
545,"7Networks_RH_Vis_45"
546,"7Networks_RH_Vis_46"
547,"7Networks_RH_Vis_47"
548,"7Networks_RH_Vis_48"
549,"7Networks_RH_Vis_49"
550,"7Networks_RH_Vis_50"
551,"7Networks_RH_Vis_51"
552,"7Networks_RH_Vis_52"
553,"7Networks_RH_Vis_53"
554,"7Networks_RH_Vis_54"
555,"7Networks_RH_Vis_55"
556,"7Networks_RH_Vis_56"
557,"7Networks_RH_Vis_57"
558,"7Networks_RH_Vis_58"
559,"7Networks_RH_Vis_59"
560,"7Networks_RH_Vis_60"
561,"7Networks_RH_Vis_61"
562,"7Networks_RH_Vis_62"
563,"7Networks_RH_Vis_63"
564,"7Networks_RH_Vis_64"
565,"7Networks_RH_Vis_65"
566,"7Networks_RH_Vis_66"
567,"7Networks_RH_Vis_67"
568,"7Networks_RH_Vis_68"
569,"7Networks_RH_Vis_69"
570,"7Networks_RH_Vis_70"
571,"7Networks_RH_Vis_71"
572,"7Networks_RH_Vis_72"
573,"7Networks_RH_Vis_73"
574,"7Networks_RH_Vis_74"
575,"7Networks_RH_Vis_75"
576,"7Networks_RH_Vis_76"
577,"7Networks_RH_Vis_77"
578,"7Networks_RH_Vis_78"
579,"7Networks_RH_Vis_79"
580,"7Networks_RH_Vis_80"
581,"7Networks_RH_Vis_81"
582,"7Networks_RH_SomMot_1"
583,"7Networks_RH_SomMot_2"
584,"7Networks_RH_SomMot_3"
585,"7Networks_RH_SomMot_4"
586,"7Networks_RH_SomMot_5"
587,"7Networks_RH_SomMot_6"
588,"7Networks_RH_SomMot_7"
589,"7Networks_RH_SomMot_8"
590,"7Networks_RH_SomMot_9"
591,"7Networks_RH_SomMot_10"
592,"7Networks_RH_SomMot_11"
593,"7Networks_RH_SomMot_12"
594,"7Networks_RH_SomMot_13"
595,"7Networks_RH_SomMot_14"
596,"7Networks_RH_SomMot_15"
597,"7Networks_RH_SomMot_16"
598,"7Networks_RH_SomMot_17"
599,"7Networks_RH_SomMot_18"
600,"7Networks_RH_SomMot_19"
601,"7Networks_RH_SomMot_20"
602,"7Networks_RH_SomMot_21"
603,"7Networks_RH_SomMot_22"
604,"7Networks_RH_SomMot_23"
605,"7Networks_RH_SomMot_24"
606,"7Networks_RH_SomMot_25"
607,"7Networks_RH_SomMot_26"
608,"7Networks_RH_SomMot_27"
609,"7Networks_RH_SomMot_28"
610,"7Networks_RH_SomMot_29"
611,"7Networks_RH_SomMot_30"
612,"7Networks_RH_SomMot_31"
613,"7Networks_RH_SomMot_32"
614,"7Networks_RH_SomMot_33"
615,"7Networks_RH_SomMot_34"
616,"7Networks_RH_SomMot_35"
617,"7Networks_RH_SomMot_36"
618,"7Networks_RH_SomMot_37"
619,"7Networks_RH_SomMot_38"
620,"7Networks_RH_SomMot_39"
621,"7Networks_RH_SomMot_40"
622,"7Networks_RH_SomMot_41"
623,"7Networks_RH_SomMot_42"
624,"7Networks_RH_SomMot_43"
625,"7Networks_RH_SomMot_44"
626,"7Networks_RH_SomMot_45"
627,"7Networks_RH_SomMot_46"
628,"7Networks_RH_SomMot_47"
629,"7Networks_RH_SomMot_48"
630,"7Networks_RH_SomMot_49"
631,"7Networks_RH_SomMot_50"
632,"7Networks_RH_SomMot_51"
633,"7Networks_RH_SomMot_52"
634,"7Networks_RH_SomMot_53"
635,"7Networks_RH_SomMot_54"
636,"7Networks_RH_SomMot_55"
637,"7Networks_RH_SomMot_56"
638,"7Networks_RH_SomMot_57"
639,"7Networks_RH_SomMot_58"
640,"7Networks_RH_SomMot_59"
641,"7Networks_RH_SomMot_60"
642,"7Networks_RH_SomMot_61"
643,"7Networks_RH_SomMot_62"
644,"7Networks_RH_SomMot_63"
645,"7Networks_RH_SomMot_64"
646,"7Networks_RH_SomMot_65"
647,"7Networks_RH_SomMot_66"
648,"7Networks_RH_SomMot_67"
649,"7Networks_RH_SomMot_68"
650,"7Networks_RH_SomMot_69"
651,"7Networks_RH_SomMot_70"
652,"7Networks_RH_SomMot_71"
653,"7Networks_RH_SomMot_72"
654,"7Networks_RH_SomMot_73"
655,"7Networks_RH_SomMot_74"
656,"7Networks_RH_SomMot_75"
657,"7Networks_RH_SomMot_76"
658,"7Networks_RH_SomMot_77"
659,"7Networks_RH_SomMot_78"
660,"7Networks_RH_SomMot_79"
661,"7Networks_RH_SomMot_80"
662,"7Networks_RH_SomMot_81"
663,"7Networks_RH_SomMot_82"
664,"7Networks_RH_SomMot_83"
665,"7Networks_RH_SomMot_84"
666,"7Networks_RH_SomMot_85"
667,"7Networks_RH_SomMot_86"
668,"7Networks_RH_SomMot_87"
669,"7Networks_RH_SomMot_88"
670,"7Networks_RH_SomMot_89"
671,"7Networks_RH_SomMot_90"
672,"7Networks_RH_SomMot_91"
673,"7Networks_RH_SomMot_92"
674,"7Networks_RH_SomMot_93"
675,"7Networks_RH_SomMot_94"
676,"7Networks_RH_SomMot_95"
677,"7Networks_RH_SomMot_96"
678,"7Networks_RH_SomMot_97"
679,"7Networks_RH_SomMot_98"
680,"7Networks_RH_SomMot_99"
681,"7Networks_RH_SomMot_100"
682,"7Networks_RH_SomMot_101"
683,"7Networks_RH_SomMot_102"
684,"7Networks_RH_SomMot_103"
685,"7Networks_RH_DorsAttn_Post_1"
686,"7Networks_RH_DorsAttn_Post_2"
687,"7Networks_RH_DorsAttn_Post_3"
688,"7Networks_RH_DorsAttn_Post_4"
689,"7Networks_RH_DorsAttn_Post_5"
690,"7Networks_RH_DorsAttn_Post_6"
691,"7Networks_RH_DorsAttn_Post_7"
692,"7Networks_RH_DorsAttn_Post_8"
693,"7Networks_RH_DorsAttn_Post_9"
694,"7Networks_RH_DorsAttn_Post_10"
695,"7Networks_RH_DorsAttn_Post_11"
696,"7Networks_RH_DorsAttn_Post_12"
697,"7Networks_RH_DorsAttn_Post_13"
698,"7Networks_RH_DorsAttn_Post_14"
699,"7Networks_RH_DorsAttn_Post_15"
700,"7Networks_RH_DorsAttn_Post_16"
701,"7Networks_RH_DorsAttn_Post_17"
702,"7Networks_RH_DorsAttn_Post_18"
703,"7Networks_RH_DorsAttn_Post_19"
704,"7Networks_RH_DorsAttn_Post_20"
705,"7Networks_RH_DorsAttn_Post_21"
706,"7Networks_RH_DorsAttn_Post_22"
707,"7Networks_RH_DorsAttn_Post_23"
708,"7Networks_RH_DorsAttn_Post_24"
709,"7Networks_RH_DorsAttn_Post_25"
710,"7Networks_RH_DorsAttn_Post_26"
711,"7Networks_RH_DorsAttn_Post_27"
712,"7Networks_RH_DorsAttn_Post_28"
713,"7Networks_RH_DorsAttn_Post_29"
714,"7Networks_RH_DorsAttn_Post_30"
715,"7Networks_RH_DorsAttn_Post_31"
716,"7Networks_RH_DorsAttn_Post_32"
717,"7Networks_RH_DorsAttn_Post_33"
718,"7Networks_RH_DorsAttn_Post_34"
719,"7Networks_RH_DorsAttn_Post_35"
720,"7Networks_RH_DorsAttn_Post_36"
721,"7Networks_RH_DorsAttn_Post_37"
722,"7Networks_RH_DorsAttn_Post_38"
723,"7Networks_RH_DorsAttn_Post_39"
724,"7Networks_RH_DorsAttn_Post_40"
725,"7Networks_RH_DorsAttn_Post_41"
726,"7Networks_RH_DorsAttn_Post_42"
727,"7Networks_RH_DorsAttn_Post_43"
728,"7Networks_RH_DorsAttn_Post_44"
729,"7Networks_RH_DorsAttn_Post_45"
730,"7Networks_RH_DorsAttn_Post_46"
731,"7Networks_RH_DorsAttn_Post_47"
732,"7Networks_RH_DorsAttn_Post_48"
733,"7Networks_RH_DorsAttn_Post_49"
734,"7Networks_RH_DorsAttn_Post_50"
735,"7Networks_RH_DorsAttn_Post_51"
736,"7Networks_RH_DorsAttn_Post_52"
737,"7Networks_RH_DorsAttn_FEF_1"
738,"7Networks_RH_DorsAttn_FEF_2"
739,"7Networks_RH_DorsAttn_FEF_3"
740,"7Networks_RH_DorsAttn_FEF_4"
741,"7Networks_RH_DorsAttn_FEF_5"
742,"7Networks_RH_DorsAttn_FEF_6"
743,"7Networks_RH_DorsAttn_PrCv_1"
744,"7Networks_RH_DorsAttn_PrCv_2"
745,"7Networks_RH_DorsAttn_PrCv_3"
746,"7Networks_RH_SalVentAttn_TempOccPar_1"
747,"7Networks_RH_SalVentAttn_TempOccPar_2"
748,"7Networks_RH_SalVentAttn_TempOccPar_3"
749,"7Networks_RH_SalVentAttn_TempOccPar_4"
750,"7Networks_RH_SalVentAttn_TempOccPar_5"
751,"7Networks_RH_SalVentAttn_TempOccPar_6"
752,"7Networks_RH_SalVentAttn_TempOccPar_7"
753,"7Networks_RH_SalVentAttn_TempOccPar_8"
754,"7Networks_RH_SalVentAttn_TempOccPar_9"
755,"7Networks_RH_SalVentAttn_TempOccPar_10"
756,"7Networks_RH_SalVentAttn_TempOccPar_11"
757,"7Networks_RH_SalVentAttn_TempOccPar_12"
758,"7Networks_RH_SalVentAttn_TempOccPar_13"
759,"7Networks_RH_SalVentAttn_TempOccPar_14"
760,"7Networks_RH_SalVentAttn_TempOccPar_15"
761,"7Networks_RH_SalVentAttn_TempOccPar_16"
762,"7Networks_RH_SalVentAttn_TempOccPar_17"
763,"7Networks_RH_SalVentAttn_TempOccPar_18"
764,"7Networks_RH_SalVentAttn_PrC_1"
765,"7Networks_RH_SalVentAttn_PrC_2"
766,"7Networks_RH_SalVentAttn_FrOperIns_1"
767,"7Networks_RH_SalVentAttn_FrOperIns_2"
768,"7Networks_RH_SalVentAttn_FrOperIns_3"
769,"7Networks_RH_SalVentAttn_FrOperIns_4"
770,"7Networks_RH_SalVentAttn_FrOperIns_5"
771,"7Networks_RH_SalVentAttn_FrOperIns_6"
772,"7Networks_RH_SalVentAttn_FrOperIns_7"
773,"7Networks_RH_SalVentAttn_FrOperIns_8"
774,"7Networks_RH_SalVentAttn_FrOperIns_9"
775,"7Networks_RH_SalVentAttn_FrOperIns_10"
776,"7Networks_RH_SalVentAttn_FrOperIns_11"
777,"7Networks_RH_SalVentAttn_FrOperIns_12"
778,"7Networks_RH_SalVentAttn_FrOperIns_13"
779,"7Networks_RH_SalVentAttn_FrOperIns_14"
780,"7Networks_RH_SalVentAttn_FrOperIns_15"
781,"7Networks_RH_SalVentAttn_FrOperIns_16"
782,"7Networks_RH_SalVentAttn_FrOperIns_17"
783,"7Networks_RH_SalVentAttn_FrOperIns_18"
784,"7Networks_RH_SalVentAttn_FrOperIns_19"
785,"7Networks_RH_SalVentAttn_FrOperIns_20"
786,"7Networks_RH_SalVentAttn_FrOperIns_21"
787,"7Networks_RH_SalVentAttn_FrOperIns_22"
788,"7Networks_RH_SalVentAttn_FrOperIns_23"
789,"7Networks_RH_SalVentAttn_FrOperIns_24"
790,"7Networks_RH_SalVentAttn_PFCl_1"
791,"7Networks_RH_SalVentAttn_PFCl_2"
792,"7Networks_RH_SalVentAttn_Med_1"
793,"7Networks_RH_SalVentAttn_Med_2"
794,"7Networks_RH_SalVentAttn_Med_3"
795,"7Networks_RH_SalVentAttn_Med_4"
796,"7Networks_RH_SalVentAttn_Med_5"
797,"7Networks_RH_SalVentAttn_Med_6"
798,"7Networks_RH_SalVentAttn_Med_7"
799,"7Networks_RH_SalVentAttn_Med_8"
800,"7Networks_RH_SalVentAttn_Med_9"
801,"7Networks_RH_SalVentAttn_Med_10"
802,"7Networks_RH_SalVentAttn_Med_11"
803,"7Networks_RH_SalVentAttn_Med_12"
804,"7Networks_RH_SalVentAttn_Med_13"
805,"7Networks_RH_SalVentAttn_Med_14"
806,"7Networks_RH_SalVentAttn_Med_15"
807,"7Networks_RH_SalVentAttn_Med_16"
808,"7Networks_RH_SalVentAttn_Med_17"
809,"7Networks_RH_SalVentAttn_Med_18"
810,"7Networks_RH_SalVentAttn_Med_19"
811,"7Networks_RH_SalVentAttn_Med_20"
812,"7Networks_RH_Limbic_OFC_1"
813,"7Networks_RH_Limbic_OFC_2"
814,"7Networks_RH_Limbic_OFC_3"
815,"7Networks_RH_Limbic_OFC_4"
816,"7Networks_RH_Limbic_OFC_5"
817,"7Networks_RH_Limbic_OFC_6"
818,"7Networks_RH_Limbic_OFC_7"
819,"7Networks_RH_Limbic_OFC_8"
820,"7Networks_RH_Limbic_OFC_9"
821,"7Networks_RH_Limbic_OFC_10"
822,"7Networks_RH_Limbic_OFC_11"
823,"7Networks_RH_Limbic_OFC_12"
824,"7Networks_RH_Limbic_OFC_13"
825,"7Networks_RH_Limbic_OFC_14"
826,"7Networks_RH_Limbic_TempPole_1"
827,"7Networks_RH_Limbic_TempPole_2"
828,"7Networks_RH_Limbic_TempPole_3"
829,"7Networks_RH_Limbic_TempPole_4"
830,"7Networks_RH_Limbic_TempPole_5"
831,"7Networks_RH_Limbic_TempPole_6"
832,"7Networks_RH_Limbic_TempPole_7"
833,"7Networks_RH_Limbic_TempPole_8"
834,"7Networks_RH_Limbic_TempPole_9"
835,"7Networks_RH_Limbic_TempPole_10"
836,"7Networks_RH_Limbic_TempPole_11"
837,"7Networks_RH_Limbic_TempPole_12"
838,"7Networks_RH_Limbic_TempPole_13"
839,"7Networks_RH_Limbic_TempPole_14"
840,"7Networks_RH_Limbic_TempPole_15"
841,"7Networks_RH_Limbic_TempPole_16"
842,"7Networks_RH_Limbic_TempPole_17"
843,"7Networks_RH_Cont_Par_1"
844,"7Networks_RH_Cont_Par_2"
845,"7Networks_RH_Cont_Par_3"
846,"7Networks_RH_Cont_Par_4"
847,"7Networks_RH_Cont_Par_5"
848,"7Networks_RH_Cont_Par_6"
849,"7Networks_RH_Cont_Par_7"
850,"7Networks_RH_Cont_Par_8"
851,"7Networks_RH_Cont_Par_9"
852,"7Networks_RH_Cont_Par_10"
853,"7Networks_RH_Cont_Par_11"
854,"7Networks_RH_Cont_Par_12"
855,"7Networks_RH_Cont_Par_13"
856,"7Networks_RH_Cont_Par_14"
857,"7Networks_RH_Cont_Par_15"
858,"7Networks_RH_Cont_Par_16"
859,"7Networks_RH_Cont_Par_17"
860,"7Networks_RH_Cont_Temp_1"
861,"7Networks_RH_Cont_Temp_2"
862,"7Networks_RH_Cont_Temp_3"
863,"7Networks_RH_Cont_Temp_4"
864,"7Networks_RH_Cont_PFCv_1"
865,"7Networks_RH_Cont_PFCv_2"
866,"7Networks_RH_Cont_PFCl_1"
867,"7Networks_RH_Cont_PFCl_2"
868,"7Networks_RH_Cont_PFCl_3"
869,"7Networks_RH_Cont_PFCl_4"
870,"7Networks_RH_Cont_PFCl_5"
871,"7Networks_RH_Cont_PFCl_6"
872,"7Networks_RH_Cont_PFCl_7"
873,"7Networks_RH_Cont_PFCl_8"
874,"7Networks_RH_Cont_PFCl_9"
875,"7Networks_RH_Cont_PFCl_10"
876,"7Networks_RH_Cont_PFCl_11"
877,"7Networks_RH_Cont_PFCl_12"
878,"7Networks_RH_Cont_PFCl_13"
879,"7Networks_RH_Cont_PFCl_14"
880,"7Networks_RH_Cont_PFCl_15"
881,"7Networks_RH_Cont_PFCl_16"
882,"7Networks_RH_Cont_PFCl_17"
883,"7Networks_RH_Cont_PFCl_18"
884,"7Networks_RH_Cont_PFCl_19"
885,"7Networks_RH_Cont_PFCl_20"
886,"7Networks_RH_Cont_PFCl_21"
887,"7Networks_RH_Cont_PFCl_22"
888,"7Networks_RH_Cont_PFCl_23"
889,"7Networks_RH_Cont_PFCl_24"
890,"7Networks_RH_Cont_PFCl_25"
891,"7Networks_RH_Cont_PFCl_26"
892,"7Networks_RH_Cont_PFCl_27"
893,"7Networks_RH_Cont_PFCl_28"
894,"7Networks_RH_Cont_PFCl_29"
895,"7Networks_RH_Cont_PFCl_30"
896,"7Networks_RH_Cont_PFCl_31"
897,"7Networks_RH_Cont_PFCl_32"
898,"7Networks_RH_Cont_PFCl_33"
899,"7Networks_RH_Cont_PFCl_34"
900,"7Networks_RH_Cont_pCun_1"
901,"7Networks_RH_Cont_pCun_3"
902,"7Networks_RH_Cont_pCun_5"
903,"7Networks_RH_Cont_Cing_1"
904,"7Networks_RH_Cont_Cing_2"
905,"7Networks_RH_Cont_Cing_3"
906,"7Networks_RH_Cont_Cing_4"
907,"7Networks_RH_Cont_Cing_5"
908,"7Networks_RH_Cont_PFCmp_1"
909,"7Networks_RH_Cont_PFCmp_2"
910,"7Networks_RH_Cont_PFCmp_3"
911,"7Networks_RH_Cont_PFCmp_4"
912,"7Networks_RH_Cont_PFCmp_5"
913,"7Networks_RH_Default_Par_1"
914,"7Networks_RH_Default_Par_2"
915,"7Networks_RH_Default_Par_3"
916,"7Networks_RH_Default_Par_4"
917,"7Networks_RH_Default_Par_5"
918,"7Networks_RH_Default_Par_6"
919,"7Networks_RH_Default_Par_7"
920,"7Networks_RH_Default_Par_8"
921,"7Networks_RH_Default_Par_9"
922,"7Networks_RH_Default_Par_10"
923,"7Networks_RH_Default_Par_11"
924,"7Networks_RH_Default_Par_12"
925,"7Networks_RH_Default_Par_13"
926,"7Networks_RH_Default_Par_14"
927,"7Networks_RH_Default_Par_15"
928,"7Networks_RH_Default_Par_16"
929,"7Networks_RH_Default_Temp_1"
930,"7Networks_RH_Default_Temp_2"
931,"7Networks_RH_Default_Temp_3"
932,"7Networks_RH_Default_Temp_4"
933,"7Networks_RH_Default_Temp_5"
934,"7Networks_RH_Default_Temp_6"
935,"7Networks_RH_Default_Temp_7"
936,"7Networks_RH_Default_Temp_8"
937,"7Networks_RH_Default_Temp_9"
938,"7Networks_RH_Default_Temp_10"
939,"7Networks_RH_Default_Temp_11"
940,"7Networks_RH_Default_Temp_12"
941,"7Networks_RH_Default_Temp_13"
942,"7Networks_RH_Default_Temp_14"
943,"7Networks_RH_Default_Temp_15"
944,"7Networks_RH_Default_Temp_16"
945,"7Networks_RH_Default_Temp_17"
946,"7Networks_RH_Default_Temp_18"
947,"7Networks_RH_Default_PFCv_1"
948,"7Networks_RH_Default_PFCv_2"
949,"7Networks_RH_Default_PFCv_3"
950,"7Networks_RH_Default_PFCv_4"
951,"7Networks_RH_Default_PFCv_5"
952,"7Networks_RH_Default_PFCv_6"
953,"7Networks_RH_Default_PFCv_7"
954,"7Networks_RH_Default_PFCv_8"
955,"7Networks_RH_Default_PFCv_9"
956,"7Networks_RH_Default_PFCv_10"
957,"7Networks_RH_Default_PFCdPFCm_1"
958,"7Networks_RH_Default_PFCdPFCm_2"
959,"7Networks_RH_Default_PFCdPFCm_3"
960,"7Networks_RH_Default_PFCdPFCm_4"
961,"7Networks_RH_Default_PFCdPFCm_5"
962,"7Networks_RH_Default_PFCdPFCm_6"
963,"7Networks_RH_Default_PFCdPFCm_7"
964,"7Networks_RH_Default_PFCdPFCm_8"
965,"7Networks_RH_Default_PFCdPFCm_9"
966,"7Networks_RH_Default_PFCdPFCm_10"
967,"7Networks_RH_Default_PFCdPFCm_11"
968,"7Networks_RH_Default_PFCdPFCm_12"
969,"7Networks_RH_Default_PFCdPFCm_13"
970,"7Networks_RH_Default_PFCdPFCm_14"
971,"7Networks_RH_Default_PFCdPFCm_15"
972,"7Networks_RH_Default_PFCdPFCm_16"
973,"7Networks_RH_Default_PFCdPFCm_17"
974,"7Networks_RH_Default_PFCdPFCm_18"
975,"7Networks_RH_Default_PFCdPFCm_19"
976,"7Networks_RH_Default_PFCdPFCm_20"
977,"7Networks_RH_Default_PFCdPFCm_21"
978,"7Networks_RH_Default_PFCdPFCm_22"
979,"7Networks_RH_Default_PFCdPFCm_23"
980,"7Networks_RH_Default_PFCdPFCm_24"
981,"7Networks_RH_Default_pCunPCC_1"
982,"7Networks_RH_Default_pCunPCC_2"
983,"7Networks_RH_Default_pCunPCC_3"
984,"7Networks_RH_Default_pCunPCC_4"
985,"7Networks_RH_Default_pCunPCC_5"
986,"7Networks_RH_Default_pCunPCC_6"
987,"7Networks_RH_Default_pCunPCC_7"
988,"7Networks_RH_Default_pCunPCC_8"
989,"7Networks_RH_Default_pCunPCC_9"
990,"7Networks_RH_Default_pCunPCC_10"
991,"7Networks_RH_Default_pCunPCC_11"
992,"7Networks_RH_Default_pCunPCC_12"
993,"7Networks_RH_Default_pCunPCC_13"
994,"7Networks_RH_Default_pCunPCC_14"
995,"7Networks_RH_Default_pCunPCC_15"
996,"7Networks_RH_Default_pCunPCC_16"
997,"7Networks_RH_Default_pCunPCC_17"
998,"7Networks_RH_Default_pCunPCC_18"
999,"7Networks_RH_Cont_pCun_2"
1000,"7Networks_RH_Cont_pCun_4"
